{"cameraMode":{"drawMode":0,"name":"Shaded","section":"Shading Mode"},"sceneLighting":true,"audioPlay":false,"sceneViewState":{"showFog":true,"showMaterialUpdate":false,"showSkybox":true,"showFlares":true,"showImageEffects":true,"showParticleSystems":true},"in2DMode":false,"pivot":{"x":2.6927969455718996,"y":5.735573768615723,"z":-1.5776169300079346},"rotation":{"x":0.013572919182479382,"y":0.8815874457359314,"z":-0.471145361661911,"w":0.025397537276148797},"size":0.8100085258483887,"orthographic":false}